contract_id,title_as_in_spec,spec_source,spec_line,reference_test_ids,current_head,upstream_status,upstream_symbols,remaining_gap,upstream_test_status,production_evidence,validated_scope
C01,Séparation des autorités,reference/PoPS_API_v0.4.0/document/01_review.tex,67,A07;N02;N06;N09,022f5acbb9181eb85a6d9cd05e30a92aad1c4872,partial_with_scoped_evidence,python/pops/_api.py:validate/resolve/compile/bind/run;python/pops/time/_step/transaction.py:StepTransactionPlan,No fabricated default Poisson capability; explicit missing provider fails; native MPI capability agreement and typed binding pass. Complete authority separation remains open.,see_scoped_evidence_not_complete_acceptance,evidence/022f5ac/manifest.json,No fabricated default Poisson capability; explicit missing provider fails; native MPI capability agreement and typed binding pass. Complete authority separation remains open.
C02,Pas de classe par notion,reference/PoPS_API_v0.4.0/document/01_review.tex,69,A07,022f5acbb9181eb85a6d9cd05e30a92aad1c4872,existing_unverified,python/pops/physics/_facade.py:Model;python/pops/problem/problem.py:Problem;python/pops/time/_program/api.py:Program,Architecture correspondence needs an end-to-end example,not_executed_for_this_mapping,,
C03,Version sémantique,reference/PoPS_API_v0.4.0/document/01_review.tex,88,A07,022f5acbb9181eb85a6d9cd05e30a92aad1c4872,partial_with_scoped_evidence,python/pops/_version.py;python/pops/codegen/_compiled_artifact.py,Package1.1.0 publicAPI2 semanticIR2 and unchanged nativeABI3 authenticated separately from specification0.4.0 and prototype.,see_scoped_evidence_not_complete_acceptance,evidence/022f5ac/manifest.json,Package1.1.0 publicAPI2 semanticIR2 and unchanged nativeABI3 authenticated separately from specification0.4.0 and prototype.
C04,Classification d'un blocage,reference/PoPS_API_v0.4.0/document/01_review.tex,92,A01;A02;A09;legacy:H06-Hall-symbol;legacy:H09-ALE-GCL;legacy:semantic_counterexamples,022f5acbb9181eb85a6d9cd05e30a92aad1c4872,gap,python/pops/problem/report.py,No central EXPR/IMPL/MATH/SCOPE diagnosis verified for the corpus,not_executed_for_this_mapping,,
C05,"Identité, type et coordonnées",reference/PoPS_API_v0.4.0/document/02_contracts.tex,3,A03;A09;C01;C02;N01;N02;N06;N09;N10;legacy:H10-CT-dual-transfer;legacy:W01-cell-average;legacy:entropy_local_solve;legacy:reduce_field_lift_chain,022f5acbb9181eb85a6d9cd05e30a92aad1c4872,partial_gap,python/pops/model/identity.py:StateSchema;python/pops/time/value_support.py;python/pops/spaces/__init__.py:StatePlacement,Full unit representation and heterogeneous support compatibility unverified,not_executed_for_this_mapping,,
C06,Identité des occurrences,reference/PoPS_API_v0.4.0/document/02_contracts.tex,9,N09;legacy:patankar_processes_and_exchanges;legacy:scharfetter_gummel_joint_flux,022f5acbb9181eb85a6d9cd05e30a92aad1c4872,partial_with_scoped_evidence,python/pops/_ir/balance.py:BalanceOccurrence;python/pops/physics/board_handles.py:RateHandle.occurrences,Native repeated and signed physical source occurrences retain multiplicity; general joint composition still incomplete.,see_scoped_evidence_not_complete_acceptance,evidence/022f5ac/manifest.json,Native repeated and signed physical source occurrences retain multiplicity; general joint composition still incomplete.
C07,Composition algébrique,reference/PoPS_API_v0.4.0/document/02_contracts.tex,11,A03;C01;C02,022f5acbb9181eb85a6d9cd05e30a92aad1c4872,partial_with_scoped_evidence,python/pops/_ir/expr.py:Expr/Equation;python/pops/time/_program/authoring.py:where,"Scalar/vector Program bodies, stage coordinates, captures and native expression guards tested; heterogeneous support obligations remain.",see_scoped_evidence_not_complete_acceptance,evidence/022f5ac/manifest.json,"Scalar/vector Program bodies, stage coordinates, captures and native expression guards tested; heterogeneous support obligations remain."
C08,Représentation non linéaire,reference/PoPS_API_v0.4.0/document/02_contracts.tex,15,A09;L03;L04;N01;N02;N04;N05;N08;N09;P12;legacy:H01-enthalpy;legacy:H10-CT-dual-transfer;legacy:W01-cell-average,022f5acbb9181eb85a6d9cd05e30a92aad1c4872,partial_gap,python/pops/time/value_metadata.py;python/pops/model/identity.py:StateSchema,No general proof that nonlinear functions of FV coordinates preserve representation meaning,not_executed_for_this_mapping,,
C09,Évaluation conditionnelle et flottante,reference/PoPS_API_v0.4.0/document/02_contracts.tex,17,,022f5acbb9181eb85a6d9cd05e30a92aad1c4872,partial_with_scoped_evidence,python/pops/analytic/_functions.py:where;python/pops/time/_program/authoring.py:where,"Lazy branches and binary64 barriers verified in source plus installed native arithmetic, source and diffusion consumers. Other platforms not executed.",see_scoped_evidence_not_complete_acceptance,evidence/022f5ac/manifest.json,"Lazy branches and binary64 barriers verified in source plus installed native arithmetic, source and diffusion consumers. Other platforms not executed."
C10,Loi faible conservée,reference/PoPS_API_v0.4.0/document/02_contracts.tex,36,A09;N04;N05;N06;N08;N10_fan_li;legacy:W10-collective-flux;legacy:semantic_counterexamples;legacy:weak_path_is_data,022f5acbb9181eb85a6d9cd05e30a92aad1c4872,partial_gap,python/pops/physics/_board_rate.py:rate/nonconservative_product;python/pops/numerics/nonconservative.py:PathConservativeFiniteVolume,Burgers weak-law and nonconservative path semantics need end-to-end cases,not_executed_for_this_mapping,,
C11,Groupement principal indépendant du stockage,reference/PoPS_API_v0.4.0/document/02_contracts.tex,38,N02;N06;N09;legacy:patankar_processes_and_exchanges,022f5acbb9181eb85a6d9cd05e30a92aad1c4872,partial_with_scoped_evidence,python/pops/_ir/balance.py:BalanceView;python/pops/physics/_board_rate.py:rate,Reproduced gap; isolated commits813a38a andbc67a7c in source review. No installed native grouping proof yet.,see_scoped_evidence_not_complete_acceptance,evidence/022f5ac/manifest.json,Reproduced gap; isolated commits813a38a andbc67a7c in source review. No installed native grouping proof yet.
C12,Corps numériques ouverts,reference/PoPS_API_v0.4.0/document/02_contracts.tex,44,N01;N04;N08;legacy:W10-collective-flux,022f5acbb9181eb85a6d9cd05e30a92aad1c4872,partial_with_scoped_evidence,python/pops/physics/_authoring_flux.py:flux_term;python/pops/numerics/spatial.py:FiniteVolume,"Installed scalar User reconstruction on two components and both axes/orientations; arbitrary face body and live captures are isolated review, including discovered missing numerical stability authority.",see_scoped_evidence_not_complete_acceptance,evidence/022f5ac/manifest.json,"Installed scalar User reconstruction on two components and both axes/orientations; arbitrary face body and live captures are isolated review, including discovered missing numerical stability authority."
C13,Produit non conservatif,reference/PoPS_API_v0.4.0/document/02_contracts.tex,51,N01;N10;N10_fan_li;legacy:native_fan_li15_FV_program;legacy:weak_path_is_data,022f5acbb9181eb85a6d9cd05e30a92aad1c4872,partial_with_scoped_evidence,python/pops/physics/_board_rate.py:nonconservative_product;python/pops/codegen/nonconservative_lowering.py,"Authored curved paths and parameters: Uniform2/3/4components, AMR1/2levels and rollback. Full Fan-Li and higher-order interior term remain open.",see_scoped_evidence_not_complete_acceptance,evidence/022f5ac/manifest.json,"Authored curved paths and parameters: Uniform2/3/4components, AMR1/2levels and rollback. Full Fan-Li and higher-order interior term remain open."
C14,"Diffusion, flux joints et ordre supérieur",reference/PoPS_API_v0.4.0/document/02_contracts.tex,57,A08;A09;L03;L04;N04;N05;N08;N10;P01;legacy:H02-shear-dissipation;legacy:H06-Hall-symbol;legacy:H10-CT-dual-transfer;legacy:W02-combined-bound;legacy:W04-stage-cache;legacy:W05-Lorentz-phase;legacy:W10-collective-flux;legacy:entropy_local_solve;legacy:nonlinear_field_region;legacy:reduce_field_lift_chain;legacy:scharfetter_gummel_joint_flux,022f5acbb9181eb85a6d9cd05e30a92aad1c4872,partial_with_scoped_evidence,python/pops/numerics/diffusion.py:Diffusion;python/pops/numerics/reconstruction/__init__.py:_weno5;python/pops/codegen/program_emit_diffusion.py,W02 unstable sum rejects; M04 stable sum incorrectly rejected by repeated global speed. Diagonal zero extension isolated. General joint flux/tensor obligations remain.,see_scoped_evidence_not_complete_acceptance,evidence/022f5ac/manifest.json,W02 unstable sum rejects; M04 stable sum incorrectly rejected by repeated global speed. Diagonal zero extension isolated. General joint flux/tensor obligations remain.
C15,Inconnues et données fixes,reference/PoPS_API_v0.4.0/document/02_contracts.tex,63,A09;N05;N06;N07;N08;N11;legacy:H01-enthalpy;legacy:H02-shear-dissipation;legacy:W10-collective-flux;legacy:field_compatibility_and_gauge;legacy:hoffart_source_block_and_schur;legacy:mixed_problem_not_blockwise_invertible;legacy:nonlinear_field_region;legacy:semantic_counterexamples,022f5acbb9181eb85a6d9cd05e30a92aad1c4872,partial_with_scoped_evidence,python/pops/linalg/problem.py:LinearProblem;python/pops/fields/problem.py:FieldProblem;python/pops/time/_program/local.py:solve,True local Newton capture separated from candidate and seed; mixed heterogeneous/global unknown products not qualified.,see_scoped_evidence_not_complete_acceptance,evidence/022f5ac/manifest.json,True local Newton capture separated from candidate and seed; mixed heterogeneous/global unknown products not qualified.
C16,Région de résidu fermée,reference/PoPS_API_v0.4.0/document/02_contracts.tex,65,N11;P13;P14;legacy:hoffart_source_block_and_schur;legacy:mixed_problem_not_blockwise_invertible;legacy:semantic_counterexamples,022f5acbb9181eb85a6d9cd05e30a92aad1c4872,partial_with_scoped_evidence,python/pops/time/_program/local.py:solve;python/pops/fields/residual.py,Local executable residual closure and fixed captures pass installed tests; global mixed residual obligations remain.,see_scoped_evidence_not_complete_acceptance,evidence/022f5ac/manifest.json,Local executable residual closure and fixed captures pass installed tests; global mixed residual obligations remain.
C17,Résolution et contrôle d'erreur,reference/PoPS_API_v0.4.0/document/02_contracts.tex,67,N03;N11;P06;legacy:H03-hydrostatic-face;legacy:H10-CT-dual-transfer;legacy:hoffart_source_block_and_schur,022f5acbb9181eb85a6d9cd05e30a92aad1c4872,partial_gap,python/pops/solvers/tolerances.py;python/pops/linalg/problem.py:LinearProblem,Original residual and conditioning guarantees depend on actual solver route,not_executed_for_this_mapping,,
C18,Noyaux et branches,reference/PoPS_API_v0.4.0/document/02_contracts.tex,75,A09;A10;N05;N06;N07;N08;N10;legacy:entropy_local_solve;legacy:field_compatibility_and_gauge;legacy:mixed_problem_not_blockwise_invertible;legacy:reduce_field_lift_chain,022f5acbb9181eb85a6d9cd05e30a92aad1c4872,partial_gap,python/pops/fields/nullspace.py;python/pops/fields/gauges.py,Joint kernel compatibility and representative selection for target systems unverified,not_executed_for_this_mapping,,
C19,Résultat faillible,reference/PoPS_API_v0.4.0/document/02_contracts.tex,77,A09;N11;P06,022f5acbb9181eb85a6d9cd05e30a92aad1c4872,partial_gap,python/pops/time/_step/transaction.py:StepTransactionPlan;python/pops/fields/solve.py:publish,Failed native solve must not partially publish every output,not_executed_for_this_mapping,,
C20,Temps et identité,reference/PoPS_API_v0.4.0/document/02_contracts.tex,88,N06;N11;P01;P08;P09;P10;legacy:W04-stage-cache,022f5acbb9181eb85a6d9cd05e30a92aad1c4872,new_code_pending,python/pops/time/_program/clocks.py:stage;python/pops/time/values.py:ProgramValue,Same-time distinct stage identity and immutable capture need tests,not_executed_for_this_mapping,,
C21,Méthode construite,reference/PoPS_API_v0.4.0/document/02_contracts.tex,90,A09;N01;N02;N03;N04;N08;N09;N11;P01;P08;legacy:H03-hydrostatic-face;legacy:W02-combined-bound;legacy:W05-Lorentz-phase;legacy:affine_moments_and_lorentz;legacy:nonlinear_field_region;legacy:semantic_counterexamples,022f5acbb9181eb85a6d9cd05e30a92aad1c4872,partial_gap,python/pops/time/_program/authoring.py:step;python/pops/lib/time/rk.py;python/pops/lib/time/ssprk.py,Public arbitrary method construction and implicit reaction route unverified,not_executed_for_this_mapping,,
C22,Point atteint,reference/PoPS_API_v0.4.0/document/02_contracts.tex,92,P01;P02;P08,022f5acbb9181eb85a6d9cd05e30a92aad1c4872,partial_gap,python/pops/time/_program/clocks.py:stage;python/pops/time/_program/solve.py:commit,General reached-time frontier and relaxed endpoint not established,not_executed_for_this_mapping,,
C23,Continuation et échange effectif,reference/PoPS_API_v0.4.0/document/02_contracts.tex,94,A08;A09;L03;L04;N01;N05;N09;N10;N11;P01;P02;P08;P11;legacy:H09-ALE-GCL;legacy:hoffart_source_block_and_schur;legacy:native_fan_li15_FV_program;legacy:patankar_processes_and_exchanges,022f5acbb9181eb85a6d9cd05e30a92aad1c4872,partial_gap,python/pops/time/_program/solve.py:commit_many;python/pops/_balance_contract.py:BalanceLedger,Candidate exchange replacement across AMR consumers not demonstrated,not_executed_for_this_mapping,,
C24,Ordre d'exécution,reference/PoPS_API_v0.4.0/document/02_contracts.tex,96,N06;P09;P13;P14;legacy:W04-stage-cache,022f5acbb9181eb85a6d9cd05e30a92aad1c4872,partial_gap,python/pops/time/_schedule/ir.py;python/pops/time/_program/calls.py,Dependency-order equivalence for coupled stage solves unverified,not_executed_for_this_mapping,,
C25,Compilation de corps inspectables,reference/PoPS_API_v0.4.0/document/02_contracts.tex,115,,022f5acbb9181eb85a6d9cd05e30a92aad1c4872,partial_gap,python/pops/codegen/_compile.py;python/pops/codegen/program_emit_solve.py,Open common bodies without model-name compiler branches need inspection and tests,not_executed_for_this_mapping,,
C26,ABI de la référence,reference/PoPS_API_v0.4.0/document/02_contracts.tex,119,,022f5acbb9181eb85a6d9cd05e30a92aad1c4872,gap,python/pops/_pops.pyi,Reference pops_initial/pops_step/pops_run ABI is separate and not a production capability,not_executed_for_this_mapping,,
C27,Contrat d'extension native,reference/PoPS_API_v0.4.0/document/02_contracts.tex,128,,022f5acbb9181eb85a6d9cd05e30a92aad1c4872,gap,include/pops;python/pops/native_calls.py,Experimental pops_contract.hpp ABI 2 is not integrated with production runtime,not_executed_for_this_mapping,,
C28,Limites de performance,reference/PoPS_API_v0.4.0/document/02_contracts.tex,130,N03;legacy:H03-hydrostatic-face,022f5acbb9181eb85a6d9cd05e30a92aad1c4872,partial_gap,python/pops/codegen/_compile.py;python/pops/runtime/_runtime_executor.py,No comparable performance campaign for API 0.4.0 paths,not_executed_for_this_mapping,,
C29,Composition des protocoles,reference/PoPS_API_v0.4.0/document/03_protocols.tex,9,N11;P01;P08;P13;P14,022f5acbb9181eb85a6d9cd05e30a92aad1c4872,partial_gap,python/pops/time/_step/transaction.py:StepTransactionPlan;python/pops/runtime/_consumer_transaction.py:ConsumerTransaction,No complete composition proof for values tasks resources attempts and migration,not_executed_for_this_mapping,,
C30,Gel et invalidation structurelle,reference/PoPS_API_v0.4.0/document/03_protocols.tex,32,N01;P12,022f5acbb9181eb85a6d9cd05e30a92aad1c4872,partial_with_scoped_evidence,python/pops/problem/_freeze_transaction.py;python/pops/time/_program/api.py:freeze,"Frozen descriptor deletion refused alongside mutation; source/installed regressions pass, full lifecycle invalidation still incomplete.",see_scoped_evidence_not_complete_acceptance,evidence/022f5ac/manifest.json,"Frozen descriptor deletion refused alongside mutation; source/installed regressions pass, full lifecycle invalidation still incomplete."
C31,Version et validité,reference/PoPS_API_v0.4.0/document/03_protocols.tex,34,A03;C01;C02;N06;P09;P10,022f5acbb9181eb85a6d9cd05e30a92aad1c4872,partial_gap,python/pops/time/value_metadata.py;python/pops/model/identity.py:StateSchema,Cross-stage version and scope validity across all values unverified,not_executed_for_this_mapping,,
C32,Requête de réutilisation,reference/PoPS_API_v0.4.0/document/03_protocols.tex,42,N06;N07;N08;P09;P10;legacy:W04-stage-cache;legacy:affine_moments_and_lorentz,022f5acbb9181eb85a6d9cd05e30a92aad1c4872,partial_gap,python/pops/codegen/program_field_reuse.py;python/pops/runtime/_history_sample_identity.py,Query key completeness for ordered args versions and duration unverified,not_executed_for_this_mapping,,
C33,État d'une tentative,reference/PoPS_API_v0.4.0/document/03_protocols.tex,46,A08;P01;P02;P03;P04;P07;P08,022f5acbb9181eb85a6d9cd05e30a92aad1c4872,partial_with_scoped_evidence,python/pops/time/_step/transaction.py:StepTransactionPlan,Nested native child acceptance then parent rejection restores state/history/cache/mailbox; retries and exhaustion pass. Async composition still under implementation.,see_scoped_evidence_not_complete_acceptance,evidence/022f5ac/manifest.json,Nested native child acceptance then parent rejection restores state/history/cache/mailbox; retries and exhaustion pass. Async composition still under implementation.
C34,Conflit de publication,reference/PoPS_API_v0.4.0/document/03_protocols.tex,74,P01;P02;P03;P04;P07,022f5acbb9181eb85a6d9cd05e30a92aad1c4872,partial_gap,python/pops/runtime/_consumer_transaction.py:ConsumerTransaction,Concurrent root publication and read-set conflict unverified,not_executed_for_this_mapping,,
C35,Acceptation numérique séparée,reference/PoPS_API_v0.4.0/document/03_protocols.tex,76,A01;A02;A08;L03;L04;N11;P01;P03;P06;P07,022f5acbb9181eb85a6d9cd05e30a92aad1c4872,partial_with_scoped_evidence,python/pops/time/_step/transaction.py:AcceptanceGuard;python/pops/runtime/_consumer_transaction.py:ConsumerTransaction,"Native nonfinite, path CFL and combined-diffusion rejection preserve accepted state. Universal side-effect acceptance remains open.",see_scoped_evidence_not_complete_acceptance,evidence/022f5ac/manifest.json,"Native nonfinite, path CFL and combined-diffusion rejection preserve accepted state. Universal side-effect acceptance remains open."
C36,Fin logique et fin physique,reference/PoPS_API_v0.4.0/document/03_protocols.tex,89,,022f5acbb9181eb85a6d9cd05e30a92aad1c4872,partial_with_scoped_evidence,python/pops/runtime/_consumer_transaction.py:ConsumerTransaction,Actual lease/completion/cancellation hooks being implemented in isolated resource-lifetime worktree. No GPU or async production qualification yet.,see_scoped_evidence_not_complete_acceptance,evidence/022f5ac/manifest.json,Actual lease/completion/cancellation hooks being implemented in isolated resource-lifetime worktree. No GPU or async production qualification yet.
C37,Progression conditionnelle,reference/PoPS_API_v0.4.0/document/03_protocols.tex,117,,022f5acbb9181eb85a6d9cd05e30a92aad1c4872,partial_gap,python/pops/runtime/_continuation_transitions.py:ContinuationTransitionPlan,Progress and fairness guarantees for every proposed transition unverified,not_executed_for_this_mapping,,
C38,Migration atomique de représentation,reference/PoPS_API_v0.4.0/document/03_protocols.tex,121,A09;L03;L04;P01;P11;P12;legacy:H09-ALE-GCL;legacy:H10-CT-dual-transfer,022f5acbb9181eb85a6d9cd05e30a92aad1c4872,partial_gap,python/pops/mesh/_amr/hierarchy_regrid.py:RegridTransactionGate;python/pops/runtime/_multi_layout_executor.py,Atomic migration of histories fields and all consumer epochs unverified,not_executed_for_this_mapping,,
C39,Propriétés du transfert,reference/PoPS_API_v0.4.0/document/03_protocols.tex,133,A09;P11;legacy:H09-ALE-GCL;legacy:H10-CT-dual-transfer;legacy:hoffart_source_block_and_schur;legacy:semantic_counterexamples,022f5acbb9181eb85a6d9cd05e30a92aad1c4872,partial_gap,python/pops/mesh/_amr/transfer.py:AMRTransfer,Conservation admissibility field re-solve and representation constraints need independent cases,not_executed_for_this_mapping,,
C40,Reprise,reference/PoPS_API_v0.4.0/document/03_protocols.tex,135,N01;P11;P12,022f5acbb9181eb85a6d9cd05e30a92aad1c4872,partial_with_scoped_evidence,python/pops/runtime/_amr_checkpoint_v3.py;python/pops/output/_restart_provider.py,Uniform checkpoint/restart path oracle and source identity guards pass. Other crash/collective durability obligations remain open.,see_scoped_evidence_not_complete_acceptance,evidence/022f5ac/manifest.json,Uniform checkpoint/restart path oracle and source identity guards pass. Other crash/collective durability obligations remain open.
