current,minmod_random,0,1.888,6851.5422223061842,1
current,minmod_random,1,2.251,6851.5422223061842,1
current,minmod_random,2,2.332,6851.5422223061842,1
current,minmod_random,3,2.335,6851.5422223061842,1
current,minmod_random,4,1.966,6851.5422223061842,1
current,vanleer_random,0,2.529,7523.7295024993537,1
current,vanleer_random,1,2.779,7523.7295024993537,1
current,vanleer_random,2,2.276,7523.7295024993537,1
current,vanleer_random,3,2.298,7523.7295024993537,1
current,vanleer_random,4,2.454,7523.7295024993537,1
current,mc_random,0,1.970,7956.7818559454445,1
current,mc_random,1,2.221,7956.7818559454445,1
current,mc_random,2,2.251,7956.7818559454445,1
current,mc_random,3,2.115,7956.7818559454445,1
current,mc_random,4,2.387,7956.7818559454445,1
current,superbee_random,0,2.544,7941.2787245261452,1
current,superbee_random,1,2.369,7941.2787245261452,1
current,superbee_random,2,2.255,7941.2787245261452,1
current,superbee_random,3,2.338,7941.2787245261452,1
current,superbee_random,4,2.262,7941.2787245261452,1
current,weno_smooth,0,9.554,2097152,1
current,weno_smooth,1,10.654,2097152,1
current,weno_smooth,2,10.141,2097152,1
current,weno_smooth,3,9.826,2097152,1
current,weno_smooth,4,10.302,2097152,1
current,weno_extreme,0,18.649,inf,0
current,weno_extreme,1,18.766,inf,0
current,weno_extreme,2,18.935,inf,0
current,weno_extreme,3,19.213,inf,0
current,weno_extreme,4,19.176,inf,0
