baseline,minmod_random,0,1.464,6851.5422223061842,1
baseline,minmod_random,1,1.110,6851.5422223061842,1
baseline,minmod_random,2,1.011,6851.5422223061842,1
baseline,minmod_random,3,1.005,6851.5422223061842,1
baseline,minmod_random,4,1.082,6851.5422223061842,1
baseline,vanleer_random,0,1.023,7523.7295024993464,1
baseline,vanleer_random,1,1.686,7523.7295024993464,1
baseline,vanleer_random,2,2.272,7523.7295024993464,1
baseline,vanleer_random,3,1.359,7523.7295024993464,1
baseline,vanleer_random,4,1.051,7523.7295024993464,1
baseline,mc_random,0,1.242,7956.7818559454445,1
baseline,mc_random,1,8.647,7956.7818559454445,1
baseline,mc_random,2,1.306,7956.7818559454445,1
baseline,mc_random,3,1.306,7956.7818559454445,1
baseline,mc_random,4,1.239,7956.7818559454445,1
baseline,superbee_random,0,1.311,7941.2787245261452,1
baseline,superbee_random,1,1.275,7941.2787245261452,1
baseline,superbee_random,2,1.302,7941.2787245261452,1
baseline,superbee_random,3,1.406,7941.2787245261452,1
baseline,superbee_random,4,5.275,7941.2787245261452,1
baseline,weno_smooth,0,3.160,2097152,1
baseline,weno_smooth,1,3.292,2097152,1
baseline,weno_smooth,2,3.249,2097152,1
baseline,weno_smooth,3,3.501,2097152,1
baseline,weno_smooth,4,3.236,2097152,1
baseline,weno_extreme,0,3.086,nan,0
baseline,weno_extreme,1,3.097,nan,0
baseline,weno_extreme,2,3.180,nan,0
baseline,weno_extreme,3,3.191,nan,0
baseline,weno_extreme,4,3.404,nan,0
